estimator,theta,variance,se,ci_lower,ci_upper,elapsed_seconds
Parametric,0.0057,,,-0.0699,0.0813,
Neural net (joint AGMM2L2),-0.038336269557476044,5.15471887588501,2.270400598107085,-0.08172570308628634,0.0050531639713342485,185.48406249999243
RKHS (simultaneous ApproxRKHS2IVCV),-0.030417670249405074,2.3358685900603735,1.5283548639175306,-0.05962593195301401,-0.001209408545796143,3071.6416697499953
RKHS (sequential ApproxRKHSIVCV),-0.04681747218062468,0.8976968499771334,0.9474686538229818,-0.06492446621072381,-0.028710478150525544,2.096221790998243
